{
    "AttackGauge": {
        "player": {
            "attackGaugeRecoverInterval": 0.75,
            "attackGaugeRecoverSpeed": 0.07999999821186066,
            "playerAttackInterval": 0.5
        }
    },
    "CollisonSize": {
        "ally": 0.6000000238418579,
        "bullet": 0.800000011920929,
        "enemy": 0.75,
        "enemyFactory": 2.0,
        "enemyTower": 3.0,
        "player": 0.6000000238418579,
        "playerTower": 3.0
    },
    "Controller": {
        "deadZone": 0.30000001192092896
    },
    "Distance": {
        "allyToAlly": 15,
        "playerToAlly": 1
    },
    "KnockBackPower": {
        "enemy": {
            "DamapingRate": 0.9399999976158142,
            "OfSpawn": 0.4000000059604645,
            "RandomAngleOfSpawn": 180.0,
            "ToAlly": 1.5,
            "ToBullet": 0.004999999888241291,
            "ToBullet1": 0.10000000149011612,
            "ToBullet2": 0.10000000149011612,
            "ToBullet3": 0.10000000149011612,
            "ToPTower": 0.15000000596046448,
            "ToPlayer": 0.0
        }
    },
    "MaxHP": {
        "enemy": 5.0,
        "enemyFactory": 30.0,
        "enemyTower": 100.0,
        "player": 3.0,
        "playerBullet": 1.2000000476837158,
        "playerTower": 50.0
    },
    "Power": {
        "enemy": {
            "defaultAttackPower": 1.0
        },
        "player": {
            "allyPowerBonus": 3.0,
            "allySizeBonus": 0.25,
            "attak1Power": 1.0,
            "attak2Power": 3.0,
            "attak3Power": 3.0,
            "defaultAttackPower": 1.0
        }
    },
    "Separate": {
        "judgeSinglePressFrame": 10,
        "separateCompleteFrame": 60
    },
    "SpawnInterval": {
        "enemy": 2.0,
        "enemyFactoryRespawnInterval": 20.0,
        "maxAllyCount": 2,
        "playerAlly": 2.0
    },
    "Speed": {
        "enemy": 0.05000000074505806,
        "player": 0.15000000596046448,
        "playerAlly": 1.75,
        "playerBullet": 0.25
    }
}