{
    "AttackGauge": {
        "player": {
            "attackGaugeRecoverInterval": 1.0,
            "attackGaugeRecoverSpeed": 0.07999999821186066
        }
    },
    "CollisonSize": {
        "ally": 0.75,
        "bullet": 0.6000000238418579,
        "enemy": 0.6000000238418579,
        "enemyFactory": 1.0,
        "enemyTower": 1.0,
        "player": 0.6000000238418579,
        "playerTower": 1.0
    },
    "Distance": {
        "allyToAlly": 15,
        "playerToAlly": 5
    },
    "KnockBackPower": {
        "enemy": {
            "ToAlly": 1.0,
            "ToBullet1": 0.10000000149011612,
            "ToBullet2": 0.10000000149011612,
            "ToBullet3": 0.10000000149011612,
            "ToPTower": 0.30000001192092896
        }
    },
    "MaxHP": {
        "enemy": 10.0,
        "enemyFactory": 25.0,
        "enemyTower": 100.0,
        "player": 3.0,
        "playerBullet": 0.800000011920929,
        "playerTower": 100.0
    },
    "Power": {
        "enemy": {
            "defaultAttackPower": 1.0
        },
        "player": {
            "allyPowerBonus": 2.0,
            "allySizeBonus": 0.5,
            "attak1Power": 1.0,
            "attak2Power": 3.0,
            "attak3Power": 3.0
        }
    },
    "SpawnInterval": {
        "enemy": 10.0,
        "playerAlly": 1.0
    },
    "Speed": {
        "enemy": 0.019999999552965164,
        "player": 0.10000000149011612,
        "playerAlly": 1.5,
        "playerBullet": 0.15000000596046448
    }
}