{
    "AttackGauge": {
        "player": {
            "attackGaugeRecoverInterval": 0.75,
            "attackGaugeRecoverSpeed": 0.07999999821186066,
            "playerAttackInterval": 0.5
        }
    },
    "CollisonSize": {
        "ally": 0.6000000238418579,
        "bullet": 0.75,
        "enemy": 0.75,
        "enemyFactory": 2.0,
        "enemyTower": 3.0,
        "player": 0.6000000238418579,
        "playerTower": 3.0
    },
    "Controller": {
        "deadZone": 0.30000001192092896
    },
    "Distance": {
        "allyToAlly": 10,
        "playerToAlly": 5
    },
    "KnockBackPower": {
        "enemy": {
            "OfSpawn": 0.75,
            "RandomAngleOfSpawn": 360.0,
            "ToAlly": 3.0,
            "ToBullet": 0.009999999776482582,
            "ToBullet1": 0.10000000149011612,
            "ToBullet2": 0.10000000149011612,
            "ToBullet3": 0.10000000149011612,
            "ToPTower": 0.30000001192092896,
            "ToPlayer": 0.0
        }
    },
    "MaxHP": {
        "enemy": 10.0,
        "enemyFactory": 30.0,
        "enemyTower": 100.0,
        "player": 3.0,
        "playerBullet": 1.2000000476837158,
        "playerTower": 50.0
    },
    "Power": {
        "enemy": {
            "defaultAttackPower": 1.0
        },
        "player": {
            "allyPowerBonus": 3.0,
            "allySizeBonus": 0.25,
            "attak1Power": 1.0,
            "attak2Power": 3.0,
            "attak3Power": 3.0,
            "defaultAttackPower": 1.0
        }
    },
    "Separate": {
        "judgeSinglePressFrame": 10,
        "separateCompleteFrame": 60
    },
    "SpawnInterval": {
        "enemy": 12.5,
        "maxAllyCount": 5,
        "playerAlly": 3.0
    },
    "Speed": {
        "enemy": 0.014999999664723873,
        "player": 0.15000000596046448,
        "playerAlly": 1.75,
        "playerBullet": 0.25
    }
}