{
    "InGame": {
        "Move": {
            "pos": {
                "x": 1130.0,
                "y": 480.0
            },
            "scale": {
                "x": 0.30000001192092896,
                "y": 0.30000001192092896
            }
        },
        "Pause": {
            "pos": {
                "x": 1130.0,
                "y": 660.0
            },
            "scale": {
                "x": 0.30000001192092896,
                "y": 0.30000001192092896
            }
        },
        "Shot": {
            "pos": {
                "x": 1130.0,
                "y": 570.0
            },
            "scale": {
                "x": 0.30000001192092896,
                "y": 0.30000001192092896
            }
        }
    },
    "StageSelect": {
        "Back": {
            "pos": {
                "x": 1130.0,
                "y": 660.0
            },
            "scale": {
                "x": 0.30000001192092896,
                "y": 0.30000001192092896
            }
        },
        "Decision": {
            "pos": {
                "x": 1130.0,
                "y": 480.0
            },
            "scale": {
                "x": 0.30000001192092896,
                "y": 0.30000001192092896
            }
        },
        "Option": {
            "pos": {
                "x": 1130.0,
                "y": 570.0
            },
            "scale": {
                "x": 0.30000001192092896,
                "y": 0.30000001192092896
            }
        }
    }
}