{
    "ID": {
        "dirLightDir": {
            "x": 0.0,
            "y": 5.0,
            "z": 23.100000381469727
        },
        "dirLightIntensityNeon": 10.399999618530273,
        "dirLightIntensityNormal": 1.0,
        "metalicCommonNeon": 0.5139999985694885,
        "metalicCommonNormal": 0.7260000109672546,
        "roughnessCommonNeon": 0.703000009059906,
        "roughnessCommonNormal": 0.22300000488758087
    }
}