{
    "ID": {
        "dirLightDir": {
            "x": 0.0,
            "y": 2.6,
            "z": -3.8
        },
        "dirLightIntensityNeon": 4.400000095367432,
        "dirLightIntensityNormal": 0.1,
        "metalicCommonNeon": 0.5239999985694885,
        "metalicCommonNormal": 0.7260000109672546,
        "roughnessCommonNeon": 0.593000009059906,
        "roughnessCommonNormal": 0.22300000488758087
    }
}