{
    "ID": {
        "dirLightDir": {
            "x": 2.7,
            "y": 2.8,
            "z": 4.3
        },
        "dirLightIntensityNeon": 6.400000095367432,
        "dirLightIntensityNormal": 1.0,
        "metalicCommonNeon": 0.5139999985694885,
        "metalicCommonNormal": 0.7260000109672546,
        "roughnessCommonNeon": 0.703000009059906,
        "roughnessCommonNormal": 0.22300000488758087
    }
}