{
    "ID": {
        "color0": {
            "w": 255.0,
            "x": 20.0,
            "y": 50.0,
            "z": 200.0
        },
        "color1": {
            "w": 255.0,
            "x": 20.0,
            "y": 50.0,
            "z": 200.0
        },
        "color2": {
            "w": 255.0,
            "x": 20.0,
            "y": 50.0,
            "z": 200.0
        },
        "color3": {
            "w": 255.0,
            "x": 50.0,
            "y": 50.0,
            "z": 200.0
        },
        "color4": {
            "w": 255.0,
            "x": 35.0,
            "y": 50.0,
            "z": 200.0
        },
        "color5": {
            "w": 255.0,
            "x": 35.0,
            "y": 50.0,
            "z": 255.0
        },
        "color6": {
            "w": 255.0,
            "x": 255.0,
            "y": 45.0,
            "z": 0.0
        },
        "lookDir0": {
            "x": 0.0,
            "y": 0.0,
            "z": 1.0
        },
        "lookDir1": {
            "x": 0.0,
            "y": 0.0,
            "z": 1.0
        },
        "lookDir2": {
            "x": 0.0,
            "y": 0.0,
            "z": 1.0
        },
        "lookDir3": {
            "x": 0.0,
            "y": 0.0,
            "z": 1.0
        },
        "lookDir4": {
            "x": 0.0,
            "y": 0.0,
            "z": 1.0
        },
        "lookDir5": {
            "x": 0.0,
            "y": 0.0,
            "z": 1.0
        },
        "lookDir6": {
            "x": 0.0,
            "y": 0.0,
            "z": 1.0
        },
        "pos0": {
            "x": 0.0,
            "y": 0.5199999809265137,
            "z": 0.0
        },
        "pos1": {
            "x": -0.44999998807907104,
            "y": 0.0,
            "z": 0.0
        },
        "pos2": {
            "x": 0.44999998807907104,
            "y": 0.0,
            "z": 0.0
        },
        "pos3": {
            "x": 0.0,
            "y": 0.5,
            "z": 0.0
        },
        "pos4": {
            "x": -0.20000000298023224,
            "y": -0.40000001192092896,
            "z": 0.0
        },
        "pos5": {
            "x": 0.20000000298023224,
            "y": -0.40000001192092896,
            "z": 0.0
        },
        "pos6": {
            "x": 0.0,
            "y": 0.0,
            "z": 0.800000011920929
        },
        "rotation0": {
            "x": 0.0,
            "y": 0.0,
            "z": 0.0
        },
        "rotation1": {
            "x": 0.0,
            "y": 0.0,
            "z": -40.0
        },
        "rotation2": {
            "x": 0.0,
            "y": 0.0,
            "z": 40.0
        },
        "rotation3": {
            "x": 0.0,
            "y": 0.0,
            "z": 0.0
        },
        "rotation4": {
            "x": 0.0,
            "y": 0.0,
            "z": 0.0
        },
        "rotation5": {
            "x": 0.0,
            "y": 0.0,
            "z": 0.0
        },
        "rotation6": {
            "x": 0.0,
            "y": -1.2000000476837158,
            "z": -40.0
        }
    }
}