{
    "ID": {
        "lookDir0": {
            "x": 0.0,
            "y": 0.0,
            "z": 1.0
        },
        "lookDir1": {
            "x": 0.0,
            "y": 0.0,
            "z": 1.0
        },
        "lookDir2": {
            "x": 0.0,
            "y": 0.0,
            "z": 1.0
        },
        "lookDir3": {
            "x": 0.0,
            "y": 0.0,
            "z": 1.0
        },
        "lookDir4": {
            "x": 0.0,
            "y": 0.0,
            "z": 1.0
        },
        "lookDir5": {
            "x": 0.0,
            "y": 0.0,
            "z": 1.0
        },
        "pos0": {
            "x": 0.0,
            "y": 0.699999988079071,
            "z": 0.0
        },
        "pos1": {
            "x": -0.44999998807907104,
            "y": 0.10000000149011612,
            "z": 0.0
        },
        "pos2": {
            "x": 0.44999998807907104,
            "y": 0.10000000149011612,
            "z": 0.0
        },
        "pos3": {
            "x": 0.0,
            "y": 0.6499999761581421,
            "z": 0.0
        },
        "pos4": {
            "x": -0.20000000298023224,
            "y": -0.30000001192092896,
            "z": 0.0
        },
        "pos5": {
            "x": 0.20000000298023224,
            "y": -0.30000001192092896,
            "z": 0.0
        },
        "rotation0": {
            "x": 0.0,
            "y": 0.0,
            "z": 0.0
        },
        "rotation1": {
            "x": 0.0,
            "y": 0.0,
            "z": -40.0
        },
        "rotation2": {
            "x": 0.0,
            "y": 0.0,
            "z": 40.0
        },
        "rotation3": {
            "x": 0.0,
            "y": 0.0,
            "z": 0.0
        },
        "rotation4": {
            "x": 0.0,
            "y": 0.0,
            "z": 0.0
        },
        "rotation5": {
            "x": 0.0,
            "y": 0.0,
            "z": 0.0
        }
    }
}