{
    "stage0": {
        "size": {
            "x": 0.6000000238418579,
            "y": 1.0,
            "z": 0.6000000238418579
        }
    },
    "stage2": {
        "size": {
            "x": 1.0,
            "y": 1.0,
            "z": 0.699999988079071
        }
    },
    "stage4": {
        "size": {
            "x": 0.75,
            "y": 1.0,
            "z": 0.699999988079071
        }
    }
}