{
    "stage0": {
        "size": {
            "x": 0.4000000059604645,
            "y": 1.0,
            "z": 0.6000000238418579
        }
    },
    "stage1": {
        "size": {
            "x": 0.8999999761581421,
            "y": 1.0,
            "z": 0.6000000238418579
        }
    },
    "stage2": {
        "size": {
            "x": 1.0,
            "y": 1.0,
            "z": 0.4000000059604645
        }
    },
    "stage3": {
        "size": {
            "x": 0.5,
            "y": 1.0,
            "z": 0.8999999761581421
        }
    },
    "stage4": {
        "size": {
            "x": 0.6000000238418579,
            "y": 1.0,
            "z": 0.6000000238418579
        }
    }
}