{
    "stage0": {
        "size": {
            "x": 0.6000000238418579,
            "y": 1.0,
            "z": 0.6000000238418579
        }
    }
}