{
    "stage0": {
        "size": {
            "x": 0.4000000059604645,
            "y": 1.0,
            "z": 0.6000000238418579
        }
    },
    "stage1": {
        "size": {
            "x": 1.2000000476837158,
            "y": 1.0,
            "z": 0.800000011920929
        }
    },
    "stage2": {
        "size": {
            "x": 0.6499999761581421,
            "y": 1.0,
            "z": 1.0
        }
    },
    "stage3": {
        "size": {
            "x": 0.4000000059604645,
            "y": 1.0,
            "z": 1.0
        }
    },
    "stage4": {
        "size": {
            "x": 0.699999988079071,
            "y": 1.0,
            "z": 0.6000000238418579
        }
    }
}