{
    "ID:0": {
        "position": {
            "x": 0.0,
            "y": 0.0,
            "z": 0.0
        }
    },
    "ID:1": {
        "position": {
            "x": -3.700000047683716,
            "y": 0.0,
            "z": 9.800000190734863
        }
    }
}